domain,GoValueUSD,DomainName
DistanceUniversityOnline.com,507,
dolcegatto.com,1361,
Cruise-Advisors.com,461,
bulldogsny.com,1152,
TrueScandal.com,720,
TracToSusPensionesAsMe.com,283,
RomeoMall.com,1396,
bbk59.com,0,
SteveCohenLaw.com,1177,
StellerPools.com,0,
smartwb.com,1580,
SpiritualLifeLessons.com,769,
infinitenoizemusic.com,100,
TrainingCent.com,1514,
aac72.com,980,
habitatqc.com,1546,
cafk120.com,0,
SauceTartar.com,887,
RestaurantFast.com,0,
TheDiversityInitiative.com,1221,
